filing_id,local_path,profile_id,ticker,issuer_name,filing_type,filing_date,naics,profile_number
42d5c8e154954d5f67b22d45055a13dd,/mnt/c/Users/casey/ISF/ISF Research team/1. Project/TSX Report/2023/TSX_2023_ESGReports/2023-2024_Badger_ESG.pdf,,2023_2024_BADGER_ESG_ESG,2023-2024 Badger ESG,ESG_REPORT,2023-01-01,,
2d2aaa52c65ab76d39d0ad0b00ba51a6,/mnt/c/Users/casey/ISF/ISF Research team/1. Project/TSX Report/2023/TSX_2023_ESGReports/2023-2024_PowerCorpCanada_sustainability.pdf,,2023_2024_POWERCORPCANAD_ESG,2023-2024 PowerCorpCanada sustainability,ESG_REPORT,2023-01-01,,
add61bfb50e5ab395fecb1fcfb962ea2,/mnt/c/Users/casey/ISF/ISF Research team/1. Project/TSX Report/2023/TSX_2023_ESGReports/2023_ACT_SustainabilityReport.pdf,,2023_ACT_SUSTAINABILITYR_ESG,2023 ACT SustainabilityReport,ESG_REPORT,2023-01-01,,
82d0cafd676a255c764cc42a9b758dbb,/mnt/c/Users/casey/ISF/ISF Research team/1. Project/TSX Report/2023/TSX_2023_ESGReports/2023_AFRICA-OIL-CORP-Sustainability-Report.pdf,,2023_AFRICA_OIL_CORP_SUS_ESG,2023 AFRICA-OIL-CORP-Sustainability-Report,ESG_REPORT,2023-01-01,,
25dc588f3376c3e30901019ee048fdc1,/mnt/c/Users/casey/ISF/ISF Research team/1. Project/TSX Report/2023/TSX_2023_ESGReports/2023_ATCO_CU_sustainability-report.pdf,,2023_ATCO_CU_SUSTAINABIL_ESG,2023 ATCO CU sustainability-report,ESG_REPORT,2023-01-01,,
e253602806e892199897dc4e70964937,/mnt/c/Users/casey/ISF/ISF Research team/1. Project/TSX Report/2023/TSX_2023_ESGReports/2023_ATS_sustainabilityreport.pdf,,2023_ATS_SUSTAINABILITYR_ESG,2023 ATS sustainabilityreport,ESG_REPORT,2023-01-01,,
0fcbbf3ce502de63129dffeabb2d6545,/mnt/c/Users/casey/ISF/ISF Research team/1. Project/TSX Report/2023/TSX_2023_ESGReports/2023_AgnicoEagle_ClimateActionReport_EN_Final.pdf,,2023_AGNICOEAGLE_CLIMATE_ESG,2023 AgnicoEagle ClimateActionReport EN Final,ESG_REPORT,2023-01-01,,
cebe2a6dad29b56085be56d84f76582a,/mnt/c/Users/casey/ISF/ISF Research team/1. Project/TSX Report/2023/TSX_2023_ESGReports/2023_AirCanada_actcfd-summary_en.pdf,,2023_AIRCANADA_ACTCFD_SU_ESG,2023 AirCanada actcfd-summary en,ESG_REPORT,2023-01-01,,
cdcabc9d81cbb1dfbf9ba944e917ea96,/mnt/c/Users/casey/ISF/ISF Research team/1. Project/TSX Report/2023/TSX_2023_ESGReports/2023_Alamos-Gold_ESG-Report.pdf,,2023_ALAMOS_GOLD_ESG_REP_ESG,2023 Alamos-Gold ESG-Report,ESG_REPORT,2023-01-01,,
b3d89a6ae1c82740ec2a4be5f40b2d23,/mnt/c/Users/casey/ISF/ISF Research team/1. Project/TSX Report/2023/TSX_2023_ESGReports/2023_AlgonquinAQN_ESG-Report.pdf,,2023_ALGONQUINAQN_ESG_RE_ESG,2023 AlgonquinAQN ESG-Report,ESG_REPORT,2023-01-01,,
42b3b344b72915fcd17db32241ef84b9,/mnt/c/Users/casey/ISF/ISF Research team/1. Project/TSX Report/2023/TSX_2023_ESGReports/2023_Allied_ESG.pdf,,2023_ALLIED_ESG_ESG,2023 Allied ESG,ESG_REPORT,2023-01-01,,
91f9c3d635ba3566c78107b20aa9e09f,/mnt/c/Users/casey/ISF/ISF Research team/1. Project/TSX Report/2023/TSX_2023_ESGReports/2023_AltaGas_SustainabilityUpdate.pdf,,2023_ALTAGAS_SUSTAINABIL_ESG,2023 AltaGas SustainabilityUpdate,ESG_REPORT,2023-01-01,,
a33b4ffdbe1f0a33dff74950a29b92f8,/mnt/c/Users/casey/ISF/ISF Research team/1. Project/TSX Report/2023/TSX_2023_ESGReports/2023_AltusGroup_SustainabilityReport.pdf,,2023_ALTUSGROUP_SUSTAINA_ESG,2023 AltusGroup SustainabilityReport,ESG_REPORT,2023-01-01,,
6695a637925b08a6ae3c06b484b8ea2b,/mnt/c/Users/casey/ISF/ISF Research team/1. Project/TSX Report/2023/TSX_2023_ESGReports/2023_Artis_REIT_ESGReport.pdf,,2023_ARTIS_REIT_ESGREPOR_ESG,2023 Artis REIT ESGReport,ESG_REPORT,2023-01-01,,
32815c5b05889faa9b9059a5c6c13c55,/mnt/c/Users/casey/ISF/ISF Research team/1. Project/TSX Report/2023/TSX_2023_ESGReports/2023_Atkins_annual-integrated-report.pdf,,2023_ATKINS_ANNUAL_INTEG_ESG,2023 Atkins annual-integrated-report,ESG_REPORT,2023-01-01,,
08536eb7214a391af6f1e52c2639feb4,/mnt/c/Users/casey/ISF/ISF Research team/1. Project/TSX Report/2023/TSX_2023_ESGReports/2023_B2Gold_RMR.pdf,,2023_B2GOLD_RMR_ESG,2023 B2Gold RMR,ESG_REPORT,2023-01-01,,
0b3eee73604f6dec79c09507c143fed2,/mnt/c/Users/casey/ISF/ISF Research team/1. Project/TSX Report/2023/TSX_2023_ESGReports/2023_BAM_Sustainability_Report.pdf,,2023_BAM_SUSTAINABILITY__ESG,2023 BAM Sustainability Report,ESG_REPORT,2023-01-01,,
63f497ccedd5785cc5060cc21968397e,/mnt/c/Users/casey/ISF/ISF Research team/1. Project/TSX Report/2023/TSX_2023_ESGReports/2023_BCE_ESGreport.pdf,,2023_BCE_ESGREPORT_ESG,2023 BCE ESGreport,ESG_REPORT,2023-01-01,,
af3c04f3e7b20eed63618fb3807aaba5,/mnt/c/Users/casey/ISF/ISF Research team/1. Project/TSX Report/2023/TSX_2023_ESGReports/2023_BEP_sustainability.pdf,,2023_BEP_SUSTAINABILITY_ESG,2023 BEP sustainability,ESG_REPORT,2023-01-01,,
6cf3e18edf764a0539dce790ab82d5f5,/mnt/c/Users/casey/ISF/ISF Research team/1. Project/TSX Report/2023/TSX_2023_ESGReports/2023_BWALK_ESG-F2V2.pdf,,2023_BWALK_ESG_F2V2_ESG,2023 BWALK ESG-F2V2,ESG_REPORT,2023-01-01,,
1bf149b1d851f486adde4fa75c5b9187,/mnt/c/Users/casey/ISF/ISF Research team/1. Project/TSX Report/2023/TSX_2023_ESGReports/2023_BallardBPS_Sustainability_Report.pdf,,2023_BALLARDBPS_SUSTAINA_ESG,2023 BallardBPS Sustainability Report,ESG_REPORT,2023-01-01,,
2929d01fca50dc937a7762edac8812d4,/mnt/c/Users/casey/ISF/ISF Research team/1. Project/TSX Report/2023/TSX_2023_ESGReports/2023_Barrick_Sustainability_Report.pdf,,2023_BARRICK_SUSTAINABIL_ESG,2023 Barrick Sustainability Report,ESG_REPORT,2023-01-01,,
9f6f3b6c64d802b113b2f2656350f56c,/mnt/c/Users/casey/ISF/ISF Research team/1. Project/TSX Report/2023/TSX_2023_ESGReports/2023_Bombardier-ESG-Report.pdf,,2023_BOMBARDIER_ESG_REPO_ESG,2023 Bombardier-ESG-Report,ESG_REPORT,2023-01-01,,
33bdae715b84b2f4efda4054b56caee9,/mnt/c/Users/casey/ISF/ISF Research team/1. Project/TSX Report/2023/TSX_2023_ESGReports/2023_Boralex_CSR.pdf,,2023_BORALEX_CSR_ESG,2023 Boralex CSR,ESG_REPORT,2023-01-01,,
5e423394b4736f5f5909c3c1507c1236,/mnt/c/Users/casey/ISF/ISF Research team/1. Project/TSX Report/2023/TSX_2023_ESGReports/2023_Brookfield_sustainability-report.pdf,,2023_BROOKFIELD_SUSTAINA_ESG,2023 Brookfield sustainability-report,ESG_REPORT,2023-01-01,,
4ece07d7294b12662cb1c83b161fc959,/mnt/c/Users/casey/ISF/ISF Research team/1. Project/TSX Report/2023/TSX_2023_ESGReports/2023_CAE_Global_Annual_Activity_and_Sustainability_Report_-_EN.pdf,,2023_CAE_GLOBAL_ANNUAL_A_ESG,2023 CAE Global Annual Activity and Sustainability Report - EN,ESG_REPORT,2023-01-01,,
afe38512a483ab5e19c4dd24d8eb3697,/mnt/c/Users/casey/ISF/ISF Research team/1. Project/TSX Report/2023/TSX_2023_ESGReports/2023_CAPREIT_ESG-Report-Web.pdf,,2023_CAPREIT_ESG_REPORT__ESG,2023 CAPREIT ESG-Report-Web,ESG_REPORT,2023-01-01,,
f1bd5e862cd118ec812cb6fe23f459bf,/mnt/c/Users/casey/ISF/ISF Research team/1. Project/TSX Report/2023/TSX_2023_ESGReports/2023_CCL_SustainabilityReport_.pdf,,2023_CCL_SUSTAINABILITYR_ESG,2023 CCL SustainabilityReport ,ESG_REPORT,2023-01-01,,
63af6bb1ece469c817adf97a536e8da9,/mnt/c/Users/casey/ISF/ISF Research team/1. Project/TSX Report/2023/TSX_2023_ESGReports/2023_CN_Data-Supplement-en.pdf,,2023_CN_DATA_SUPPLEMENT__ESG,2023 CN Data-Supplement-en,ESG_REPORT,2023-01-01,,
74ccdc09998efd738a8aedb72f210450,/mnt/c/Users/casey/ISF/ISF Research team/1. Project/TSX Report/2023/TSX_2023_ESGReports/2023_CPKC_Sustainability Data Report.pdf,,2023_CPKC_SUSTAINABILITY_ESG,2023 CPKC Sustainability Data Report,ESG_REPORT,2023-01-01,,
e7a7d201e2d5f1067f884ef9b4ae59c3,/mnt/c/Users/casey/ISF/ISF Research team/1. Project/TSX Report/2023/TSX_2023_ESGReports/2023_CT-REIT_ESG-Report-EN.pdf,,2023_CT_REIT_ESG_REPORT__ESG,2023 CT-REIT ESG-Report-EN,ESG_REPORT,2023-01-01,,
ed0affc4a5a9d6e8e64981b8727c9b82,/mnt/c/Users/casey/ISF/ISF Research team/1. Project/TSX Report/2023/TSX_2023_ESGReports/2023_CWBFG_Sustainability Report.pdf,,2023_CWBFG_SUSTAINABILIT_ESG,2023 CWBFG Sustainability Report,ESG_REPORT,2023-01-01,,
e3e502cba79bfb8487631f991d633e84,/mnt/c/Users/casey/ISF/ISF Research team/1. Project/TSX Report/2023/TSX_2023_ESGReports/2023_Cameco_Sustainability-Report.pdf,,2023_CAMECO_SUSTAINABILI_ESG,2023 Cameco Sustainability-Report,ESG_REPORT,2023-01-01,,
23563efb8efa75b88c6daaa7c47003c7,/mnt/c/Users/casey/ISF/ISF Research team/1. Project/TSX Report/2023/TSX_2023_ESGReports/2023_CanadaGoose_SustainabilityReport.pdf,,2023_CANADAGOOSE_SUSTAIN_ESG,2023 CanadaGoose SustainabilityReport,ESG_REPORT,2023-01-01,,
b313c1dd33ea890c90fd1e64eaa11e50,/mnt/c/Users/casey/ISF/ISF Research team/1. Project/TSX Report/2023/TSX_2023_ESGReports/2023_CanadianTireCorp_ESGReport.pdf,,2023_CANADIANTIRECORP_ES_ESG,2023 CanadianTireCorp ESGReport,ESG_REPORT,2023-01-01,,
820ff610e79e93728df2376566c69a89,/mnt/c/Users/casey/ISF/ISF Research team/1. Project/TSX Report/2023/TSX_2023_ESGReports/2023_Canfor_Sustainability Report.pdf,,2023_CANFOR_SUSTAINABILI_ESG,2023 Canfor Sustainability Report,ESG_REPORT,2023-01-01,,
90959a93940768fcca647c6564df3593,/mnt/c/Users/casey/ISF/ISF Research team/1. Project/TSX Report/2023/TSX_2023_ESGReports/2023_Capital-Power_Integrated-Annual-Report.pdf,,2023_CAPITAL_POWER_INTEG_ESG,2023 Capital-Power Integrated-Annual-Report,ESG_REPORT,2023-01-01,,
2fd62f2f325f59981c77ad07d376bc7b,/mnt/c/Users/casey/ISF/ISF Research team/1. Project/TSX Report/2023/TSX_2023_ESGReports/2023_Capstone_Sustainability-Report.pdf,,2023_CAPSTONE_SUSTAINABI_ESG,2023 Capstone Sustainability-Report,ESG_REPORT,2023-01-01,,
54cb8c926d55547796c2d1afc3ed4c3e,/mnt/c/Users/casey/ISF/ISF Research team/1. Project/TSX Report/2023/TSX_2023_ESGReports/2023_Cargojet_ESG-Report.pdf,,2023_CARGOJET_ESG_REPORT_ESG,2023 Cargojet ESG-Report,ESG_REPORT,2023-01-01,,
809deabe3be1bf7f4be86d0da70310e2,/mnt/c/Users/casey/ISF/ISF Research team/1. Project/TSX Report/2023/TSX_2023_ESGReports/2023_Celestica_SustainabilityReport.pdf,,2023_CELESTICA_SUSTAINAB_ESG,2023 Celestica SustainabilityReport,ESG_REPORT,2023-01-01,,
5203b61a166d367171c72dba30616e87,/mnt/c/Users/casey/ISF/ISF Research team/1. Project/TSX Report/2023/TSX_2023_ESGReports/2023_Centerra Gold_ESG Report.pdf,,2023_CENTERRA_GOLD_ESG_R_ESG,2023 Centerra Gold ESG Report,ESG_REPORT,2023-01-01,,
34d1c4c17215ba9fc6f63272b0d57a8d,/mnt/c/Users/casey/ISF/ISF Research team/1. Project/TSX Report/2023/TSX_2023_ESGReports/2023_Choice_ESG-Report_AODA.pdf,,2023_CHOICE_ESG_REPORT_A_ESG,2023 Choice ESG-Report AODA,ESG_REPORT,2023-01-01,,
c930abcb2e8761e0498a784bcdf47091,/mnt/c/Users/casey/ISF/ISF Research team/1. Project/TSX Report/2023/TSX_2023_ESGReports/2023_Chord-Data-Performance.pdf,,2023_CHORD_DATA_PERFORMA_ESG,2023 Chord-Data-Performance,ESG_REPORT,2023-01-01,,
4243454af675e028d4915e84e62936bd,/mnt/c/Users/casey/ISF/ISF Research team/1. Project/TSX Report/2023/TSX_2023_ESGReports/2023_Chord-Enerplus_Sustainability-Report.pdf,,2023_CHORD_ENERPLUS_SUST_ESG,2023 Chord-Enerplus Sustainability-Report,ESG_REPORT,2023-01-01,,
146378ba9caa86e325d5a972efadf091,/mnt/c/Users/casey/ISF/ISF Research team/1. Project/TSX Report/2023/TSX_2023_ESGReports/2023_Cogeco_ESG.pdf,,2023_COGECO_ESG_ESG,2023 Cogeco ESG,ESG_REPORT,2023-01-01,,
939b0802e7040e9a162c54579871dd95,/mnt/c/Users/casey/ISF/ISF Research team/1. Project/TSX Report/2023/TSX_2023_ESGReports/2023_Colliers_Global-Sustainability-Report.pdf,,2023_COLLIERS_GLOBAL_SUS_ESG,2023 Colliers Global-Sustainability-Report,ESG_REPORT,2023-01-01,,
d112df2eba4eea64a9cfa9576d1bcaca,/mnt/c/Users/casey/ISF/ISF Research team/1. Project/TSX Report/2023/TSX_2023_ESGReports/2023_Converge_Sustainability-Report.pdf,,2023_CONVERGE_SUSTAINABI_ESG,2023 Converge Sustainability-Report,ESG_REPORT,2023-01-01,,
2fe6e7e1143b6726581ffc864964193d,/mnt/c/Users/casey/ISF/ISF Research team/1. Project/TSX Report/2023/TSX_2023_ESGReports/2023_Crombie_ESGReport.pdf,,2023_CROMBIE_ESGREPORT_ESG,2023 Crombie ESGReport,ESG_REPORT,2023-01-01,,
ed1eb67fef808651fbcffd44ae9fe014,/mnt/c/Users/casey/ISF/ISF Research team/1. Project/TSX Report/2023/TSX_2023_ESGReports/2023_Definity_ESG-Report.pdf,,2023_DEFINITY_ESG_REPORT_ESG,2023 Definity ESG-Report,ESG_REPORT,2023-01-01,,
25b06730f1565c51fd09d9cdfa2abeaa,/mnt/c/Users/casey/ISF/ISF Research team/1. Project/TSX Report/2023/TSX_2023_ESGReports/2023_Dollarama_ESG-REPORT.pdf,,2023_DOLLARAMA_ESG_REPOR_ESG,2023 Dollarama ESG-REPORT,ESG_REPORT,2023-01-01,,
33003265d1081319b8097e62288e8a2a,/mnt/c/Users/casey/ISF/ISF Research team/1. Project/TSX Report/2023/TSX_2023_ESGReports/2023_DreamGroup_SustainabilityReport.pdf,,2023_DREAMGROUP_SUSTAINA_ESG,2023 DreamGroup SustainabilityReport,ESG_REPORT,2023-01-01,,
ea91b66847af3fb0dae69f95075028e1,/mnt/c/Users/casey/ISF/ISF Research team/1. Project/TSX Report/2023/TSX_2023_ESGReports/2023_Dundee_SustainabilityData.pdf,,2023_DUNDEE_SUSTAINABILI_ESG,2023 Dundee SustainabilityData,ESG_REPORT,2023-01-01,,
490699da050fd14ad5d07505f6cd7552,/mnt/c/Users/casey/ISF/ISF Research team/1. Project/TSX Report/2023/TSX_2023_ESGReports/2023_EIC_sustainability_report.final.pdf,,2023_EIC_SUSTAINABILITY__ESG,2023 EIC sustainability report.final,ESG_REPORT,2023-01-01,,
eb50e176991892313efd34e4002f427f,/mnt/c/Users/casey/ISF/ISF Research team/1. Project/TSX Report/2023/TSX_2023_ESGReports/2023_Eldorado_Climate-Change-Report.pdf,,2023_ELDORADO_CLIMATE_CH_ESG,2023 Eldorado Climate-Change-Report,ESG_REPORT,2023-01-01,,
5d4733ae57ebe45f56c6450b45cd8d90,/mnt/c/Users/casey/ISF/ISF Research team/1. Project/TSX Report/2023/TSX_2023_ESGReports/2023_Enbridge_SR.pdf,,2023_ENBRIDGE_SR_ESG,2023 Enbridge SR,ESG_REPORT,2023-01-01,,
e444a065f53d3c1f75b0ff7b84862d02,/mnt/c/Users/casey/ISF/ISF Research team/1. Project/TSX Report/2023/TSX_2023_ESGReports/2023_Equinox-Gold_ESG-Report.pdf,,2023_EQUINOX_GOLD_ESG_RE_ESG,2023 Equinox-Gold ESG-Report,ESG_REPORT,2023-01-01,,
698532f249e6bc681c6dc935f8166351,/mnt/c/Users/casey/ISF/ISF Research team/1. Project/TSX Report/2023/TSX_2023_ESGReports/2023_Fairfax_ESG_Report_FINAL.pdf,,2023_FAIRFAX_ESG_REPORT__ESG,2023 Fairfax ESG Report FINAL,ESG_REPORT,2023-01-01,,
c82a3596d6daa2f5bc6a1201a642e5f2,/mnt/c/Users/casey/ISF/ISF Research team/1. Project/TSX Report/2023/TSX_2023_ESGReports/2023_FirstCapital_ESG-Report.pdf,,2023_FIRSTCAPITAL_ESG_RE_ESG,2023 FirstCapital ESG-Report,ESG_REPORT,2023-01-01,,
682039bc06b4cd09dcf32d16354a4c3b,/mnt/c/Users/casey/ISF/ISF Research team/1. Project/TSX Report/2023/TSX_2023_ESGReports/2023_FirstMajestic_Sustainability-Report.pdf,,2023_FIRSTMAJESTIC_SUSTA_ESG,2023 FirstMajestic Sustainability-Report,ESG_REPORT,2023-01-01,,
a2c198c32f6d874a388788b88b90612a,/mnt/c/Users/casey/ISF/ISF Research team/1. Project/TSX Report/2023/TSX_2023_ESGReports/2023_FirstQuantum_esg-report-final-en.pdf,,2023_FIRSTQUANTUM_ESG_RE_ESG,2023 FirstQuantum esg-report-final-en,ESG_REPORT,2023-01-01,,
9a5150727c72a75a6ee9a1024ac4df85,/mnt/c/Users/casey/ISF/ISF Research team/1. Project/TSX Report/2023/TSX_2023_ESGReports/2023_FirstService_ESGDisclosure.pdf,,2023_FIRSTSERVICE_ESGDIS_ESG,2023 FirstService ESGDisclosure,ESG_REPORT,2023-01-01,,
24e0ad20465339d295fe9be22e7d3f3e,/mnt/c/Users/casey/ISF/ISF Research team/1. Project/TSX Report/2023/TSX_2023_ESGReports/2023_Fortuna_SR.pdf,,2023_FORTUNA_SR_ESG,2023 Fortuna SR,ESG_REPORT,2023-01-01,,
46624c4685e822425e085e9a5e4e1273,/mnt/c/Users/casey/ISF/ISF Research team/1. Project/TSX Report/2023/TSX_2023_ESGReports/2023_GFL_SustainabilityReport.pdf,,2023_GFL_SUSTAINABILITYR_ESG,2023 GFL SustainabilityReport,ESG_REPORT,2023-01-01,,
083cce29618b44859197f6f9df920215,/mnt/c/Users/casey/ISF/ISF Research team/1. Project/TSX Report/2023/TSX_2023_ESGReports/2023_Gibson-Sustainability-Report.pdf,,2023_GIBSON_SUSTAINABILI_ESG,2023 Gibson-Sustainability-Report,ESG_REPORT,2023-01-01,,
ee4874dda46163e83d20d0f7adc0108e,/mnt/c/Users/casey/ISF/ISF Research team/1. Project/TSX Report/2023/TSX_2023_ESGReports/2023_Granite_ESG+R Report.pdf,,2023_GRANITE_ESG_R_REPOR_ESG,2023 Granite ESG+R Report,ESG_REPORT,2023-01-01,,
2035a6b3f4404d692a862e28604138ff,/mnt/c/Users/casey/ISF/ISF Research team/1. Project/TSX Report/2023/TSX_2023_ESGReports/2023_Hudbay_Annual-Sustainability-Report.pdf,,2023_HUDBAY_ANNUAL_SUSTA_ESG,2023 Hudbay Annual-Sustainability-Report,ESG_REPORT,2023-01-01,,
4ba9ebedfd551029e44ec183f1b43b55,/mnt/c/Users/casey/ISF/ISF Research team/1. Project/TSX Report/2023/TSX_2023_ESGReports/2023_HydroOne_CSR.pdf,,2023_HYDROONE_CSR_ESG,2023 HydroOne CSR,ESG_REPORT,2023-01-01,,
93514634c4d8bfafa5340325e789e4fc,/mnt/c/Users/casey/ISF/ISF Research team/1. Project/TSX Report/2023/TSX_2023_ESGReports/2023_IA_SustainabilityReport.pdf,,2023_IA_SUSTAINABILITYRE_ESG,2023 IA SustainabilityReport,ESG_REPORT,2023-01-01,,
108b7d75e659918659c5cb5de3a6974b,/mnt/c/Users/casey/ISF/ISF Research team/1. Project/TSX Report/2023/TSX_2023_ESGReports/2023_INERGEX_ESG-Report_EN_FINAL.pdf,,2023_INERGEX_ESG_REPORT__ESG,2023 INERGEX ESG-Report EN FINAL,ESG_REPORT,2023-01-01,,
6f1e35a60f03b71bdfd64e1739fd1112,/mnt/c/Users/casey/ISF/ISF Research team/1. Project/TSX Report/2023/TSX_2023_ESGReports/2023_Imperial_SR.pdf,,2023_IMPERIAL_SR_ESG,2023 Imperial SR,ESG_REPORT,2023-01-01,,
c249fdc7e50f4183f94cda77d47e0fad,/mnt/c/Users/casey/ISF/ISF Research team/1. Project/TSX Report/2023/TSX_2023_ESGReports/2023_Intact_Social-Impact-and-ESG-Report_EN.pdf,,2023_INTACT_SOCIAL_IMPAC_ESG,2023 Intact Social-Impact-and-ESG-Report EN,ESG_REPORT,2023-01-01,,
9f0e3c1213ad5437e93223893681a377,/mnt/c/Users/casey/ISF/ISF Research team/1. Project/TSX Report/2023/TSX_2023_ESGReports/2023_InterRent_Sustainability_Report_ux5qwe.pdf,,2023_INTERRENT_SUSTAINAB_ESG,2023 InterRent Sustainability Report ux5qwe,ESG_REPORT,2023-01-01,,
75471be7049fbb656fbcf152296add14,/mnt/c/Users/casey/ISF/ISF Research team/1. Project/TSX Report/2023/TSX_2023_ESGReports/2023_Interfor-Sustainability-Report.pdf,,2023_INTERFOR_SUSTAINABI_ESG,2023 Interfor-Sustainability-Report,ESG_REPORT,2023-01-01,,
e1bab2d85de7ba252cc4798d7a5afec0,/mnt/c/Users/casey/ISF/ISF Research team/1. Project/TSX Report/2023/TSX_2023_ESGReports/2023_Ivanhoe_Sustainability_Report.pdf,,2023_IVANHOE_SUSTAINABIL_ESG,2023 Ivanhoe Sustainability Report,ESG_REPORT,2023-01-01,,
2e32c48eed918fbf5b027d240abc8e34,/mnt/c/Users/casey/ISF/ISF Research team/1. Project/TSX Report/2023/TSX_2023_ESGReports/2023_Keyera_Sustainability-Climate-Report.pdf,,2023_KEYERA_SUSTAINABILI_ESG,2023 Keyera Sustainability-Climate-Report,ESG_REPORT,2023-01-01,,
5a5814352255484a27b585a66937034e,/mnt/c/Users/casey/ISF/ISF Research team/1. Project/TSX Report/2023/TSX_2023_ESGReports/2023_Killam_ESG_Report.pdf,,2023_KILLAM_ESG_REPORT_ESG,2023 Killam ESG Report,ESG_REPORT,2023-01-01,,
56f8c62a0c1b701ba72042e948b7b840,/mnt/c/Users/casey/ISF/ISF Research team/1. Project/TSX Report/2023/TSX_2023_ESGReports/2023_Kinross-Gold_Sustainabillity-Report-Final.pdf,,2023_KINROSS_GOLD_SUSTAI_ESG,2023 Kinross-Gold Sustainabillity-Report-Final,ESG_REPORT,2023-01-01,,
7cfc4272a5b5b3df3b9de22f881b14fb,/mnt/c/Users/casey/ISF/ISF Research team/1. Project/TSX Report/2023/TSX_2023_ESGReports/2023_Laurentian_ESGReport.pdf,,2023_LAURENTIAN_ESGREPOR_ESG,2023 Laurentian ESGReport,ESG_REPORT,2023-01-01,,
796006788ff629d187b68e5a76e2732a,/mnt/c/Users/casey/ISF/ISF Research team/1. Project/TSX Report/2023/TSX_2023_ESGReports/2023_Linamar_Sustain-Data-Supplement.pdf,,2023_LINAMAR_SUSTAIN_DAT_ESG,2023 Linamar Sustain-Data-Supplement,ESG_REPORT,2023-01-01,,
b10b28ed5ec38770b6327a0b9d2223b5,/mnt/c/Users/casey/ISF/ISF Research team/1. Project/TSX Report/2023/TSX_2023_ESGReports/2023_Loblaw_ESGReport.pdf,,2023_LOBLAW_ESGREPORT_ESG,2023 Loblaw ESGReport,ESG_REPORT,2023-01-01,,
cfb45ce1cb56a36947beda8b7d8a2d0c,/mnt/c/Users/casey/ISF/ISF Research team/1. Project/TSX Report/2023/TSX_2023_ESGReports/2023_Lundin_sustainability-report.pdf,,2023_LUNDIN_SUSTAINABILI_ESG,2023 Lundin sustainability-report,ESG_REPORT,2023-01-01,,
800cc8831483212678eb7b1ba17254e2,/mnt/c/Users/casey/ISF/ISF Research team/1. Project/TSX Report/2023/TSX_2023_ESGReports/2023_MAG-Silver_Sustainability-Report.pdf,,2023_MAG_SILVER_SUSTAINA_ESG,2023 MAG-Silver Sustainability-Report,ESG_REPORT,2023-01-01,,
e9219d5b16ef2790f9320493a5cb9f0a,/mnt/c/Users/casey/ISF/ISF Research team/1. Project/TSX Report/2023/TSX_2023_ESGReports/2023_MLF_Integrated-Report.pdf,,2023_MLF_INTEGRATED_REPO_ESG,2023 MLF Integrated-Report,ESG_REPORT,2023-01-01,,
0dc484c7d98b8f73d2a3acb77ebd59b1,/mnt/c/Users/casey/ISF/ISF Research team/1. Project/TSX Report/2023/TSX_2023_ESGReports/2023_MTY_SUSTAINABILITY_REPORT_EN.pdf,,2023_MTY_SUSTAINABILITY__ESG,2023 MTY SUSTAINABILITY REPORT EN,ESG_REPORT,2023-01-01,,
570acb372495add87c1f769fa92f667d,/mnt/c/Users/casey/ISF/ISF Research team/1. Project/TSX Report/2023/TSX_2023_ESGReports/2023_Magna_SustainabilityReport.pdf,,2023_MAGNA_SUSTAINABILIT_ESG,2023 Magna SustainabilityReport,ESG_REPORT,2023-01-01,,
904c390b95babb6ed4016bcdeba69797,/mnt/c/Users/casey/ISF/ISF Research team/1. Project/TSX Report/2023/TSX_2023_ESGReports/2023_Manulife__ESGR.pdf,,2023_MANULIFE_ESGR_ESG,2023 Manulife  ESGR,ESG_REPORT,2023-01-01,,
e0a182d07201b215b944028c53705e8d,/mnt/c/Users/casey/ISF/ISF Research team/1. Project/TSX Report/2023/TSX_2023_ESGReports/2023_Methanex_sustainability-report.pdf,,2023_METHANEX_SUSTAINABI_ESG,2023 Methanex sustainability-report,ESG_REPORT,2023-01-01,,
1fbf525f2265cf358a42b55558c848a3,/mnt/c/Users/casey/ISF/ISF Research team/1. Project/TSX Report/2023/TSX_2023_ESGReports/2023_Metro_CR-report.pdf,,2023_METRO_CR_REPORT_ESG,2023 Metro CR-report,ESG_REPORT,2023-01-01,,
7f302ac2e9b6915aeb166920d4b8d213,/mnt/c/Users/casey/ISF/ISF Research team/1. Project/TSX Report/2023/TSX_2023_ESGReports/2023_NationalBank_report-esg.pdf,,2023_NATIONALBANK_REPORT_ESG,2023 NationalBank report-esg,ESG_REPORT,2023-01-01,,
315df45a20f8984f9f661ced880b41d7,/mnt/c/Users/casey/ISF/ISF Research team/1. Project/TSX Report/2023/TSX_2023_ESGReports/2023_NexGen-Energy-Ltd_Sustainability-Report-Final.pdf,,2023_NEXGEN_ENERGY_LTD_S_ESG,2023 NexGen-Energy-Ltd Sustainability-Report-Final,ESG_REPORT,2023-01-01,,
5672436c4beec97445165475603ffdae,/mnt/c/Users/casey/ISF/ISF Research team/1. Project/TSX Report/2023/TSX_2023_ESGReports/2023_NorthWest_sustainability-report.pdf,,2023_NORTHWEST_SUSTAINAB_ESG,2023 NorthWest sustainability-report,ESG_REPORT,2023-01-01,,
d526f2967dc98b2e63fe221ca48f2229,/mnt/c/Users/casey/ISF/ISF Research team/1. Project/TSX Report/2023/TSX_2023_ESGReports/2023_Northland-Power_Sustainability-Report-web.pdf,,2023_NORTHLAND_POWER_SUS_ESG,2023 Northland-Power Sustainability-Report-web,ESG_REPORT,2023-01-01,,
9cb8eb3bb61158477a8b3def30f10062,/mnt/c/Users/casey/ISF/ISF Research team/1. Project/TSX Report/2023/TSX_2023_ESGReports/2023_NorthwestHealthcareP-Sustainability-Report.pdf,,2023_NORTHWESTHEALTHCARE_ESG,2023 NorthwestHealthcareP-Sustainability-Report,ESG_REPORT,2023-01-01,,
fac5c3bbfc71cedcb127eadcec94f7e3,/mnt/c/Users/casey/ISF/ISF Research team/1. Project/TSX Report/2023/TSX_2023_ESGReports/2023_Novagold_Sustainability-Report-1.pdf,,2023_NOVAGOLD_SUSTAINABI_ESG,2023 Novagold Sustainability-Report-1,ESG_REPORT,2023-01-01,,
5255118360a048ffa761553ef9d28fb3,/mnt/c/Users/casey/ISF/ISF Research team/1. Project/TSX Report/2023/TSX_2023_ESGReports/2023_Nutrien_Global_Sustainability_Report.pdf,,2023_NUTRIEN_GLOBAL_SUST_ESG,2023 Nutrien Global Sustainability Report,ESG_REPORT,2023-01-01,,
822d20e7e204e69902be59f287a70439,/mnt/c/Users/casey/ISF/ISF Research team/1. Project/TSX Report/2023/TSX_2023_ESGReports/2023_OceanaGold_SustainabilityReport.pdf,,2023_OCEANAGOLD_SUSTAINA_ESG,2023 OceanaGold SustainabilityReport,ESG_REPORT,2023-01-01,,
040bbbb234449718df4f028503e6a3ed,/mnt/c/Users/casey/ISF/ISF Research team/1. Project/TSX Report/2023/TSX_2023_ESGReports/2023_PRAIRIESKY-Sustainability-Report.pdf,,2023_PRAIRIESKY_SUSTAINA_ESG,2023 PRAIRIESKY-Sustainability-Report,ESG_REPORT,2023-01-01,,
ccb7edf1550dd82f5a6d57dc57034bf4,/mnt/c/Users/casey/ISF/ISF Research team/1. Project/TSX Report/2023/TSX_2023_ESGReports/2023_PanamericanSilver_Sustainability-Report.pdf,,2023_PANAMERICANSILVER_S_ESG,2023 PanamericanSilver Sustainability-Report,ESG_REPORT,2023-01-01,,
d0952b12470107ec01b47c17fa82b7b0,/mnt/c/Users/casey/ISF/ISF Research team/1. Project/TSX Report/2023/TSX_2023_ESGReports/2023_Parex_Sustainability Report.pdf,,2023_PAREX_SUSTAINABILIT_ESG,2023 Parex Sustainability Report,ESG_REPORT,2023-01-01,,
da656e4db4a9580e55202fcf809dab0e,/mnt/c/Users/casey/ISF/ISF Research team/1. Project/TSX Report/2023/TSX_2023_ESGReports/2023_Parkland_Sustainability_Report_Final_EN_ADA.pdf,,2023_PARKLAND_SUSTAINABI_ESG,2023 Parkland Sustainability Report Final EN ADA,ESG_REPORT,2023-01-01,,
0e9bf78dd6ac45d0e1d4beb3258d7eae,/mnt/c/Users/casey/ISF/ISF Research team/1. Project/TSX Report/2023/TSX_2023_ESGReports/2023_Pason_Sustainability_Report.pdf,,2023_PASON_SUSTAINABILIT_ESG,2023 Pason Sustainability Report,ESG_REPORT,2023-01-01,,
27c1a79ab0a60060a8c1ec116b410ef4,/mnt/c/Users/casey/ISF/ISF Research team/1. Project/TSX Report/2023/TSX_2023_ESGReports/2023_Pembina_Sustainability-Report.pdf,,2023_PEMBINA_SUSTAINABIL_ESG,2023 Pembina Sustainability-Report,ESG_REPORT,2023-01-01,,
1bac92864f2a56a796441e76a38dd0c8,/mnt/c/Users/casey/ISF/ISF Research team/1. Project/TSX Report/2023/TSX_2023_ESGReports/2023_Pet-Valu-Holdings-Ltd_ESGReport.pdf,,2023_PET_VALU_HOLDINGS_L_ESG,2023 Pet-Valu-Holdings-Ltd ESGReport,ESG_REPORT,2023-01-01,,
a142ae05d419cbf2600270e554d3ee85,/mnt/c/Users/casey/ISF/ISF Research team/1. Project/TSX Report/2023/TSX_2023_ESGReports/2023_PeytoESG_Data.pdf,,2023_PEYTOESG_DATA_ESG,2023 PeytoESG Data,ESG_REPORT,2023-01-01,,
b5afa44e1ea7faeb1aa347da95c749df,/mnt/c/Users/casey/ISF/ISF Research team/1. Project/TSX Report/2023/TSX_2023_ESGReports/2023_Precision-Drilling_ESG-Metrics-Table-.pdf,,2023_PRECISION_DRILLING__ESG,2023 Precision-Drilling ESG-Metrics-Table-,ESG_REPORT,2023-01-01,,
fc0f8505cd8cb521bdb7eea9b6fdafb8,/mnt/c/Users/casey/ISF/ISF Research team/1. Project/TSX Report/2023/TSX_2023_ESGReports/2023_Primo_Sustainability-Report.pdf,,2023_PRIMO_SUSTAINABILIT_ESG,2023 Primo Sustainability-Report,ESG_REPORT,2023-01-01,,
caba27789ec09e1a5affa81738d86b55,/mnt/c/Users/casey/ISF/ISF Research team/1. Project/TSX Report/2023/TSX_2023_ESGReports/2023_Quebecor_CSR.pdf,,2023_QUEBECOR_CSR_ESG,2023 Quebecor CSR,ESG_REPORT,2023-01-01,,
efe17abc23c72731f93cc1018dde8367,/mnt/c/Users/casey/ISF/ISF Research team/1. Project/TSX Report/2023/TSX_2023_ESGReports/2023_RB-Global_ESG-Report.pdf,,2023_RB_GLOBAL_ESG_REPOR_ESG,2023 RB-Global ESG-Report,ESG_REPORT,2023-01-01,,
e951fa43a0ce56c8d1d03d7aa66c2fa3,/mnt/c/Users/casey/ISF/ISF Research team/1. Project/TSX Report/2023/TSX_2023_ESGReports/2023_RBC_Climate-report.pdf,,2023_RBC_CLIMATE_REPORT_ESG,2023 RBC Climate-report,ESG_REPORT,2023-01-01,,
3ed2fdfbcf8edeee5bb459f3dd82fd30,/mnt/c/Users/casey/ISF/ISF Research team/1. Project/TSX Report/2023/TSX_2023_ESGReports/2023_Rogers_ESGreport.pdf,,2023_ROGERS_ESGREPORT_ESG,2023 Rogers ESGreport,ESG_REPORT,2023-01-01,,
c61f767d6915d7d2444ee21e7b2f6c5d,/mnt/c/Users/casey/ISF/ISF Research team/1. Project/TSX Report/2023/TSX_2023_ESGReports/2023_RussellMetals_sustainability-report-final.pdf,,2023_RUSSELLMETALS_SUSTA_ESG,2023 RussellMetals sustainability-report-final,ESG_REPORT,2023-01-01,,
26d64b68a39b0a45da7a4bcfe3e2714d,/mnt/c/Users/casey/ISF/ISF Research team/1. Project/TSX Report/2023/TSX_2023_ESGReports/2023_SEABRIDGE_SustainabilityReport-Final-May 28.24smlcompressed.pdf,,2023_SEABRIDGE_SUSTAINAB_ESG,2023 SEABRIDGE SustainabilityReport-Final-May 28.24smlcompressed,ESG_REPORT,2023-01-01,,
ab7f01eeaf8c9f9e8efaacbf6f76acaf,/mnt/c/Users/casey/ISF/ISF Research team/1. Project/TSX Report/2023/TSX_2023_ESGReports/2023_SSR-Sustainability-Data.pdf,,2023_SSR_SUSTAINABILITY__ESG,2023 SSR-Sustainability-Data,ESG_REPORT,2023-01-01,,
dc5d14a525119942136c34e89becdc2c,/mnt/c/Users/casey/ISF/ISF Research team/1. Project/TSX Report/2023/TSX_2023_ESGReports/2023_Sandstorm_ESG.pdf,,2023_SANDSTORM_ESG_ESG,2023 Sandstorm ESG,ESG_REPORT,2023-01-01,,
1614b0c86d9df0174043d83a7657833c,/mnt/c/Users/casey/ISF/ISF Research team/1. Project/TSX Report/2023/TSX_2023_ESGReports/2023_Scotiabank_Climate_Report_Final.pdf,,2023_SCOTIABANK_CLIMATE__ESG,2023 Scotiabank Climate Report Final,ESG_REPORT,2023-01-01,,
5ee1d2b6a90caad4ed6ad647ae228cd7,/mnt/c/Users/casey/ISF/ISF Research team/1. Project/TSX Report/2023/TSX_2023_ESGReports/2023_Shopify_Climate-Report.pdf,,2023_SHOPIFY_CLIMATE_REP_ESG,2023 Shopify Climate-Report,ESG_REPORT,2023-01-01,,
169f242723ab991392e755888d8c9967,/mnt/c/Users/casey/ISF/ISF Research team/1. Project/TSX Report/2023/TSX_2023_ESGReports/2023_SmartCentres_ESG-Report.pdf,,2023_SMARTCENTRES_ESG_RE_ESG,2023 SmartCentres ESG-Report,ESG_REPORT,2023-01-01,,
5b76b7765d4f829a86b8519342cb81c6,/mnt/c/Users/casey/ISF/ISF Research team/1. Project/TSX Report/2023/TSX_2023_ESGReports/2023_SpinMaster_CSR.pdf,,2023_SPINMASTER_CSR_ESG,2023 SpinMaster CSR,ESG_REPORT,2023-01-01,,
d7374418a92322666232d5dabd505e51,/mnt/c/Users/casey/ISF/ISF Research team/1. Project/TSX Report/2023/TSX_2023_ESGReports/2023_Stella-Jones_ESGReport_ENG.pdf,,2023_STELLA_JONES_ESGREP_ESG,2023 Stella-Jones ESGReport ENG,ESG_REPORT,2023-01-01,,
7588700361304f6b60c60445e73730df,/mnt/c/Users/casey/ISF/ISF Research team/1. Project/TSX Report/2023/TSX_2023_ESGReports/2023_StorageVault Canada Inc_ Annual Report_compressed.pdf,,2023_STORAGEVAULT_CANADA_ESG,2023 StorageVault Canada Inc  Annual Report compressed,ESG_REPORT,2023-01-01,,
4c8f29efedd3a837373dacdf7e36743d,/mnt/c/Users/casey/ISF/ISF Research team/1. Project/TSX Report/2023/TSX_2023_ESGReports/2023_SunLife_sustainability-report.pdf,,2023_SUNLIFE_SUSTAINABIL_ESG,2023 SunLife sustainability-report,ESG_REPORT,2023-01-01,,
1cbb9adfa84766ec19596fd981fed2d4,/mnt/c/Users/casey/ISF/ISF Research team/1. Project/TSX Report/2023/TSX_2023_ESGReports/2023_Superior-Plus_SR.pdf,,2023_SUPERIOR_PLUS_SR_ESG,2023 Superior-Plus SR,ESG_REPORT,2023-01-01,,
b7bc8b5b38e8252a8ec06d791e475406,/mnt/c/Users/casey/ISF/ISF Research team/1. Project/TSX Report/2023/TSX_2023_ESGReports/2023_TC Transcontinental_CSR Report_EN.pdf,,2023_TC_TRANSCONTINENTAL_ESG,2023 TC Transcontinental CSR Report EN,ESG_REPORT,2023-01-01,,
47b635ce75836d93ae96937e0c6f7328,/mnt/c/Users/casey/ISF/ISF Research team/1. Project/TSX Report/2023/TSX_2023_ESGReports/2023_TD_sustainability-report-en.pdf,,2023_TD_SUSTAINABILITY_R_ESG,2023 TD sustainability-report-en,ESG_REPORT,2023-01-01,,
393437845be3ba0974db0b16aa834dfd,/mnt/c/Users/casey/ISF/ISF Research team/1. Project/TSX Report/2023/TSX_2023_ESGReports/2023_TELUS_Sustainability_and_ESG.pdf,,2023_TELUS_SUSTAINABILIT_ESG,2023 TELUS Sustainability and ESG,ESG_REPORT,2023-01-01,,
49b8912966d66e995f88522ec1effe5e,/mnt/c/Users/casey/ISF/ISF Research team/1. Project/TSX Report/2023/TSX_2023_ESGReports/2023_TMX_Sustainability-Report.pdf,,2023_TMX_SUSTAINABILITY__ESG,2023 TMX Sustainability-Report,ESG_REPORT,2023-01-01,,
491165aa0936e11add124d376ba16cd1,/mnt/c/Users/casey/ISF/ISF Research team/1. Project/TSX Report/2023/TSX_2023_ESGReports/2023_TVE_ESG.pdf,,2023_TVE_ESG_ESG,2023 TVE ESG,ESG_REPORT,2023-01-01,,
4811468120a3ff1a7d3b7d0ad74e946b,/mnt/c/Users/casey/ISF/ISF Research team/1. Project/TSX Report/2023/TSX_2023_ESGReports/2023_Teck_Sustainability-Report.pdf,,2023_TECK_SUSTAINABILITY_ESG,2023 Teck Sustainability-Report,ESG_REPORT,2023-01-01,,
b5a1a463197f13c9e592f252b2793c77,/mnt/c/Users/casey/ISF/ISF Research team/1. Project/TSX Report/2023/TSX_2023_ESGReports/2023_ThomsonReuters_social-impact-report.pdf,,2023_THOMSONREUTERS_SOCI_ESG,2023 ThomsonReuters social-impact-report,ESG_REPORT,2023-01-01,,
73d9dc2ec18a6fe497bb1d718f81c505,/mnt/c/Users/casey/ISF/ISF Research team/1. Project/TSX Report/2023/TSX_2023_ESGReports/2023_Topaz_SustainabilityReport.pdf,,2023_TOPAZ_SUSTAINABILIT_ESG,2023 Topaz SustainabilityReport,ESG_REPORT,2023-01-01,,
46427b73c0b59146964d26aea2678fe7,/mnt/c/Users/casey/ISF/ISF Research team/1. Project/TSX Report/2023/TSX_2023_ESGReports/2023_Toromont_Sustainability Report.pdf,,2023_TOROMONT_SUSTAINABI_ESG,2023 Toromont Sustainability Report,ESG_REPORT,2023-01-01,,
7b0e53185f65b4e2e529a831272f3573,/mnt/c/Users/casey/ISF/ISF Research team/1. Project/TSX Report/2023/TSX_2023_ESGReports/2023_Tourmaline_SustainabilityReport.pdf,,2023_TOURMALINE_SUSTAINA_ESG,2023 Tourmaline SustainabilityReport,ESG_REPORT,2023-01-01,,
72a8b9ebcbedd6ea2c7dfc2a55ea3585,/mnt/c/Users/casey/ISF/ISF Research team/1. Project/TSX Report/2023/TSX_2023_ESGReports/2023_Tricon-Residential_Sustainability-Report-Final-1.pdf,,2023_TRICON_RESIDENTIAL__ESG,2023 Tricon-Residential Sustainability-Report-Final-1,ESG_REPORT,2023-01-01,,
fa8dbe1b5f813b453712410d153d6ced,/mnt/c/Users/casey/ISF/ISF Research team/1. Project/TSX Report/2023/TSX_2023_ESGReports/2023_WSP_ESG Report (1).pdf,,2023_WSP_ESG_REPORT_1_ESG,2023 WSP ESG Report (1),ESG_REPORT,2023-01-01,,
f3e15a18dc3d62867ed46d5483087c72,/mnt/c/Users/casey/ISF/ISF Research team/1. Project/TSX Report/2023/TSX_2023_ESGReports/2023_Wesdome_ESG-Report.pdf,,2023_WESDOME_ESG_REPORT_ESG,2023 Wesdome ESG-Report,ESG_REPORT,2023-01-01,,
0e288fc34b60c79a560ac5270b2f05ce,/mnt/c/Users/casey/ISF/ISF Research team/1. Project/TSX Report/2023/TSX_2023_ESGReports/2023_West Fraser_Sustainability Report.pdf,,2023_WEST_FRASER_SUSTAIN_ESG,2023 West Fraser Sustainability Report,ESG_REPORT,2023-01-01,,
faf5df90ffd61afe74ce906bd5f9f90f,/mnt/c/Users/casey/ISF/ISF Research team/1. Project/TSX Report/2023/TSX_2023_ESGReports/2023_WestshoreTerminals_Ballard esg.pdf,,2023_WESTSHORETERMINALS__ESG,2023 WestshoreTerminals Ballard esg,ESG_REPORT,2023-01-01,,
728ec92eb3603a2f5d2e458c3b9e172d,/mnt/c/Users/casey/ISF/ISF Research team/1. Project/TSX Report/2023/TSX_2023_ESGReports/2023_Wheaton_Sustainability-Report.pdf,,2023_WHEATON_SUSTAINABIL_ESG,2023 Wheaton Sustainability-Report,ESG_REPORT,2023-01-01,,
74e87dcab1a54ef5dd2e994f3015894b,/mnt/c/Users/casey/ISF/ISF Research team/1. Project/TSX Report/2023/TSX_2023_ESGReports/2023_bbu_sustainability-report.pdf,,2023_BBU_SUSTAINABILITY__ESG,2023 bbu sustainability-report,ESG_REPORT,2023-01-01,,
ee87ec7b99b5c3ab5bcd0296e5236b12,/mnt/c/Users/casey/ISF/ISF Research team/1. Project/TSX Report/2023/TSX_2023_ESGReports/2023_cgi_esg.pdf,,2023_CGI_ESG_ESG,2023 cgi esg,ESG_REPORT,2023-01-01,,
65daf5de8f212e8274e67cd69daa8585,/mnt/c/Users/casey/ISF/ISF Research team/1. Project/TSX Report/2023/TSX_2023_ESGReports/2023_chartwell_esg-report.pdf,,2023_CHARTWELL_ESG_REPOR_ESG,2023 chartwell esg-report,ESG_REPORT,2023-01-01,,
b984f5147882f8d2f3a9a81c9066b8a9,/mnt/c/Users/casey/ISF/ISF Research team/1. Project/TSX Report/2023/TSX_2023_ESGReports/2023_cibc_sustainability-report.pdf,,2023_CIBC_SUSTAINABILITY_ESG,2023 cibc sustainability-report,ESG_REPORT,2023-01-01,,
6f300bb7629b8511601bba63cbf5d2c1,/mnt/c/Users/casey/ISF/ISF Research team/1. Project/TSX Report/2023/TSX_2023_ESGReports/2023_denison_esgreport.pdf,,2023_DENISON_ESGREPORT_ESG,2023 denison esgreport,ESG_REPORT,2023-01-01,,
bcea854fe4348bba9fc742f76dc53b42,/mnt/c/Users/casey/ISF/ISF Research team/1. Project/TSX Report/2023/TSX_2023_ESGReports/2023_emera_sustainability-report.pdf,,2023_EMERA_SUSTAINABILIT_ESG,2023 emera sustainability-report,ESG_REPORT,2023-01-01,,
22dc4fbae067135a94715d9002f56cc6,/mnt/c/Users/casey/ISF/ISF Research team/1. Project/TSX Report/2023/TSX_2023_ESGReports/2023_eneavour_sustainabilityreport.pdf,,2023_ENEAVOUR_SUSTAINABI_ESG,2023 eneavour sustainabilityreport,ESG_REPORT,2023-01-01,,
7f6d45e0fcc01c1b00f137147064ba72,/mnt/c/Users/casey/ISF/ISF Research team/1. Project/TSX Report/2023/TSX_2023_ESGReports/2023_erocopper_sustainabilityreport.pdf,,2023_EROCOPPER_SUSTAINAB_ESG,2023 erocopper sustainabilityreport,ESG_REPORT,2023-01-01,,
50b339bc5f137dc04111880e3cffc1f7,/mnt/c/Users/casey/ISF/ISF Research team/1. Project/TSX Report/2023/TSX_2023_ESGReports/2023_gildan_ESGreport.pdf,,2023_GILDAN_ESGREPORT_ESG,2023 gildan ESGreport,ESG_REPORT,2023-01-01,,
fe7d14afbd52c888d27bb6b09e6a30f7,/mnt/c/Users/casey/ISF/ISF Research team/1. Project/TSX Report/2023/TSX_2023_ESGReports/2023_iamgold_sustainability-report-final_protected.pdf,,2023_IAMGOLD_SUSTAINABIL_ESG,2023 iamgold sustainability-report-final protected,ESG_REPORT,2023-01-01,,
709866b587dca5c64e4632342530a9cf,/mnt/c/Users/casey/ISF/ISF Research team/1. Project/TSX Report/2023/TSX_2023_ESGReports/2023_igm-financial_Sustainability.pdf,,2023_IGM_FINANCIAL_SUSTA_ESG,2023 igm-financial Sustainability,ESG_REPORT,2023-01-01,,
b4e9c27787f0f942683d4812b1499bbf,/mnt/c/Users/casey/ISF/ISF Research team/1. Project/TSX Report/2023/TSX_2023_ESGReports/2023_jamieson-wellness_sustainability-impact-report-march-2024.pdf,,2023_JAMIESON_WELLNESS_S_ESG,2023 jamieson-wellness sustainability-impact-report-march-2024,ESG_REPORT,2023-01-01,,
73810dd4d066a9d229e4947304895132,/mnt/c/Users/casey/ISF/ISF Research team/1. Project/TSX Report/2023/TSX_2023_ESGReports/2023_k92_sustainability_report.pdf,,2023_K92_SUSTAINABILITY__ESG,2023 k92 sustainability report,ESG_REPORT,2023-01-01,,
98e4953095459d499346eb890cc3754b,/mnt/c/Users/casey/ISF/ISF Research team/1. Project/TSX Report/2023/TSX_2023_ESGReports/2023_nuvei_esg.pdf,,2023_NUVEI_ESG_ESG,2023 nuvei esg,ESG_REPORT,2023-01-01,,
badf5a3ec7c5472b519e8091a1b2d04c,/mnt/c/Users/casey/ISF/ISF Research team/1. Project/TSX Report/2023/TSX_2023_ESGReports/2023_opentext_corporate-citizenship-report-en.pdf,,2023_OPENTEXT_CORPORATE__ESG,2023 opentext corporate-citizenship-report-en,ESG_REPORT,2023-01-01,,
1a4de2ad056170fee7434d3014aa2e01,/mnt/c/Users/casey/ISF/ISF Research team/1. Project/TSX Report/2023/TSX_2023_ESGReports/2023_secure_sustainability-report.pdf,,2023_SECURE_SUSTAINABILI_ESG,2023 secure sustainability-report,ESG_REPORT,2023-01-01,,
4ff552825aa4ccbfb7ae8ffcc36d1c84,/mnt/c/Users/casey/ISF/ISF Research team/1. Project/TSX Report/2023/TSX_2023_ESGReports/2023_stantec_sustainability-report.pdf,,2023_STANTEC_SUSTAINABIL_ESG,2023 stantec sustainability-report,ESG_REPORT,2023-01-01,,
15ac27cab00fd149cb9a4646fd9a51eb,/mnt/c/Users/casey/ISF/ISF Research team/1. Project/TSX Report/2023/TSX_2023_ESGReports/2023_torex_rgmr_final-v2.pdf,,2023_TOREX_RGMR_FINAL_V2_ESG,2023 torex rgmr final-v2,ESG_REPORT,2023-01-01,,
508e20c638b46cf76e285404c58db774,/mnt/c/Users/casey/ISF/ISF Research team/1. Project/TSX Report/2023/TSX_2023_ESGReports/2023_transalta_Integrated_Report_Final.pdf,,2023_TRANSALTA_INTEGRATE_ESG,2023 transalta Integrated Report Final,ESG_REPORT,2023-01-01,,
10235cddbfaf564fe76bbbdd32ea995b,/mnt/c/Users/casey/ISF/ISF Research team/1. Project/TSX Report/2023/TSX_2023_ESGReports/2024_Algoma-Steel_Sustainability-Report (1).pdf,,2024_ALGOMA_STEEL_SUSTAI_ESG,2024 Algoma-Steel Sustainability-Report (1),ESG_REPORT,2023-01-01,,
f0ac81316a680b3907cb76ac470343e3,/mnt/c/Users/casey/ISF/ISF Research team/1. Project/TSX Report/2023/TSX_2023_ESGReports/2024_BIP_sustainability-report.pdf,,2024_BIP_SUSTAINABILITY__ESG,2024 BIP sustainability-report,ESG_REPORT,2023-01-01,,
36808c6a599c579977ebb05551c78bd9,/mnt/c/Users/casey/ISF/ISF Research team/1. Project/TSX Report/2023/TSX_2023_ESGReports/2024_BRP_CorporateSocialResponsibilityReport.pdf,,2024_BRP_CORPORATESOCIAL_ESG,2024 BRP CorporateSocialResponsibilityReport,ESG_REPORT,2023-01-01,,
fb3be714a0336a46369f402af4b5ffbc,/mnt/c/Users/casey/ISF/ISF Research team/1. Project/TSX Report/2023/TSX_2023_ESGReports/2024_CDP-Restaurant-Brands-International.pdf,,2024_CDP_RESTAURANT_BRAN_ESG,2024 CDP-Restaurant-Brands-International,ESG_REPORT,2023-01-01,,
9d69ae6e6fff3a010611404b134652d9,/mnt/c/Users/casey/ISF/ISF Research team/1. Project/TSX Report/2023/TSX_2023_ESGReports/2024_EmpireCoLtd_ESG Performance Metrics Table.pdf,,2024_EMPIRECOLTD_ESG_PER_ESG,2024 EmpireCoLtd ESG Performance Metrics Table,ESG_REPORT,2023-01-01,,
f5a931d1a4984554b2122fda4c60d950,/mnt/c/Users/casey/ISF/ISF Research team/1. Project/TSX Report/2023/TSX_2023_ESGReports/2024_Finning_sustainability-full-report.pdf,,2024_FINNING_SUSTAINABIL_ESG,2024 Finning sustainability-full-report,ESG_REPORT,2023-01-01,,
0ccf206566aacd3588fefcdad6b3d727,/mnt/c/Users/casey/ISF/ISF Research team/1. Project/TSX Report/2023/TSX_2023_ESGReports/2024_Fortis_sustainability-report-final.pdf,,2024_FORTIS_SUSTAINABILI_ESG,2024 Fortis sustainability-report-final,ESG_REPORT,2023-01-01,,
85e77ee008bdb209eae17adff862368d,/mnt/c/Users/casey/ISF/ISF Research team/1. Project/TSX Report/2023/TSX_2023_ESGReports/2024_FrancoNevada_ESG_Report.pdf,,2024_FRANCONEVADA_ESG_RE_ESG,2024 FrancoNevada ESG Report,ESG_REPORT,2023-01-01,,
08a24bc0fb46acd32068ac502dbc49da,/mnt/c/Users/casey/ISF/ISF Research team/1. Project/TSX Report/2023/TSX_2023_ESGReports/2024_Kinaxis-Sustainability-Report.pdf,,2024_KINAXIS_SUSTAINABIL_ESG,2024 Kinaxis-Sustainability-Report,ESG_REPORT,2023-01-01,,
da5cecf9c355d216d19f2df92815968f,/mnt/c/Users/casey/ISF/ISF Research team/1. Project/TSX Report/2023/TSX_2023_ESGReports/2024_Lightspeed_Sustainability-Report_EN.pdf,,2024_LIGHTSPEED_SUSTAINA_ESG,2024 Lightspeed Sustainability-Report EN,ESG_REPORT,2023-01-01,,
b741bd204bd35721ab6c35a455208d1c,/mnt/c/Users/casey/ISF/ISF Research team/1. Project/TSX Report/2023/TSX_2023_ESGReports/2024_Lithium_SustainabilityReport_FINAL.pdf,,2024_LITHIUM_SUSTAINABIL_ESG,2024 Lithium SustainabilityReport FINAL,ESG_REPORT,2023-01-01,,
e550f30473011f1f8615cb8db96aee4c,/mnt/c/Users/casey/ISF/ISF Research team/1. Project/TSX Report/2023/TSX_2023_ESGReports/2024_MEG_ESG.pdf,,2024_MEG_ESG_ESG,2024 MEG ESG,ESG_REPORT,2023-01-01,,
3587537edc72f953f261358ab124e607,/mnt/c/Users/casey/ISF/ISF Research team/1. Project/TSX Report/2023/TSX_2023_ESGReports/2024_PBHC_ESG-report.pdf,,2024_PBHC_ESG_REPORT_ESG,2024 PBHC ESG-report,ESG_REPORT,2023-01-01,,
65a3f1020e7944070fedf875d1d2c7f9,/mnt/c/Users/casey/ISF/ISF Research team/1. Project/TSX Report/2023/TSX_2023_ESGReports/2024_Paramount_ESG-Report.pdf,,2024_PARAMOUNT_ESG_REPOR_ESG,2024 Paramount ESG-Report,ESG_REPORT,2023-01-01,,
02fa702d496737839ba601db03e8663e,/mnt/c/Users/casey/ISF/ISF Research team/1. Project/TSX Report/2023/TSX_2023_ESGReports/2024_PrecisionDrilling-ESGReport.pdf,,2024_PRECISIONDRILLING_E_ESG,2024 PrecisionDrilling-ESGReport,ESG_REPORT,2023-01-01,,
8b6ea7094ed8001bf2295ff1ebec6b90,/mnt/c/Users/casey/ISF/ISF Research team/1. Project/TSX Report/2023/TSX_2023_ESGReports/2024_Saputo_PromiseReport.pdf,,2024_SAPUTO_PROMISEREPOR_ESG,2024 Saputo PromiseReport,ESG_REPORT,2023-01-01,,
148fd3b66f84423d2cefc69f56d80491,/mnt/c/Users/casey/ISF/ISF Research team/1. Project/TSX Report/2023/TSX_2023_ESGReports/2024_Sobeys&Empire_Sustainable Business Report.pdf,,2024_SOBEYS_EMPIRE_SUSTA_ESG,2024 Sobeys&Empire Sustainable Business Report,ESG_REPORT,2023-01-01,,
bf096959873d6149c5efacbab3030d1a,/mnt/c/Users/casey/ISF/ISF Research team/1. Project/TSX Report/2023/TSX_2023_ESGReports/2024_Veren_esg.en.pdf,,2024_VEREN_ESG_EN_ESG,2024 Veren esg.en,ESG_REPORT,2023-01-01,,
8f1a7758641f45803fb680fd71fb9697,/mnt/c/Users/casey/ISF/ISF Research team/1. Project/TSX Report/2023/TSX_2023_ESGReports/2024_Vermilion_Climate-TCFD-Report-compressed.pdf,,2024_VERMILION_CLIMATE_T_ESG,2024 Vermilion Climate-TCFD-Report-compressed,ESG_REPORT,2023-01-01,,
8d28ade59684bfef700008b6ca484b30,/mnt/c/Users/casey/ISF/ISF Research team/1. Project/TSX Report/2023/TSX_2023_ESGReports/2024_Waste-Connections_CSR.pdf,,2024_WASTE_CONNECTIONS_C_ESG,2024 Waste-Connections CSR,ESG_REPORT,2023-01-01,,
90abc23437cb7cb7774d5668970c91e6,/mnt/c/Users/casey/ISF/ISF Research team/1. Project/TSX Report/2023/TSX_2023_ESGReports/2024_Winpak-Sustainability-Report.pdf,,2024_WINPAK_SUSTAINABILI_ESG,2024 Winpak-Sustainability-Report,ESG_REPORT,2023-01-01,,
f1070d874e7bf8856da5c1675e6a32fe,/mnt/c/Users/casey/ISF/ISF Research team/1. Project/TSX Report/2023/TSX_2023_ESGReports/2024_aritzia_esg-report.pdf,,2024_ARITZIA_ESG_REPORT_ESG,2024 aritzia esg-report,ESG_REPORT,2023-01-01,,
1b785c5dbe3b0a74618daf1ee6ca2da5,/mnt/c/Users/casey/ISF/ISF Research team/1. Project/TSX Report/2023/TSX_2023_ESGReports/2024_element_sustainabilityreport.pdf,,2024_ELEMENT_SUSTAINABIL_ESG,2024 element sustainabilityreport,ESG_REPORT,2023-01-01,,
3355ef2b3a4cf08960759fccc1914ad1,/mnt/c/Users/casey/ISF/ISF Research team/1. Project/TSX Report/2023/TSX_2023_ESGReports/2024_great-west-lifeco-cdp-climate-change-questionnaire.pdf,,2024_GREAT_WEST_LIFECO_C_ESG,2024 great-west-lifeco-cdp-climate-change-questionnaire,ESG_REPORT,2023-01-01,,
93eb90e18140f706e148ab46c40d7861,/mnt/c/Users/casey/ISF/ISF Research team/1. Project/TSX Report/2023/TSX_2023_ESGReports/2024_primaris-reit_esg-report-final.pdf,,2024_PRIMARIS_REIT_ESG_R_ESG,2024 primaris-reit esg-report-final,ESG_REPORT,2023-01-01,,
5dd128383fe3e0c56af0f4a289fc2bf8,/mnt/c/Users/casey/ISF/ISF Research team/1. Project/TSX Report/2023/TSX_2023_ESGReports/2024_riocan-sr.pdf,,2024_RIOCAN_SR_ESG,2024 riocan-sr,ESG_REPORT,2023-01-01,,
da33bd003f4392e15cb64979896e9372,/mnt/c/Users/casey/ISF/ISF Research team/1. Project/TSX Report/2023/TSX_2023_ESGReports/2024_tce_ros.pdf,,2024_TCE_ROS_ESG,2024 tce ros,ESG_REPORT,2023-01-01,,
35c48f25f272f1fa458f5de97aa63cb6,/mnt/c/Users/casey/ISF/ISF Research team/1. Project/TSX Report/2023/TSX_2023_ESGReports/2025_The-Boyd-Group_ESG-Report-FINAL-DIGITAL.pdf,,2025_THE_BOYD_GROUP_ESG__ESG,2025 The-Boyd-Group ESG-Report-FINAL-DIGITAL,ESG_REPORT,2023-01-01,,
